N,M,policy,mean_aoii,std_aoii,mean_delta
100,1,Whittle,97.20592699999999,2.5962239988531426,71.44096400000001
100,1,MaxAge,119.87507500000001,2.378662893830271,75.606009
100,1,Myopic,96.13673,2.15028319208424,70.435352
100,1,WorstState,265.36286099999995,2.2199922023306775,98.280851
100,1,Random,124.17887799999998,2.847203071369517,78.20509600000001
100,2,Whittle,63.28681300000001,1.5760035857639998,51.36503700000001
100,2,MaxAge,85.34281000000001,3.290698569981762,54.678733
100,2,Myopic,64.43922699999999,2.0425262163118,51.638926000000005
100,2,WorstState,260.458671,2.0521786444286407,96.530704
100,2,Random,99.01008999999999,2.732820217357887,63.336481000000006
100,3,Whittle,46.96423,1.2997840750986294,38.357106
100,3,MaxAge,56.496902999999996,2.6393047379075028,37.714636999999996
100,3,Myopic,47.817536,1.1393706096981802,39.224632
100,3,WorstState,255.603092,2.0187991609112617,94.83437099999999
100,3,Random,79.95446199999999,2.9797073911973317,52.612315
100,5,Whittle,26.255479,0.8624861528679751,22.943831999999997
100,5,MaxAge,29.530992000000005,1.126993354974198,22.677856
100,5,Myopic,27.116194999999998,1.2700203745078267,23.554972
100,5,WorstState,245.90206600000002,2.176376287199434,91.331869
100,5,Random,55.993472,0.9580915519281045,38.212846
100,10,Whittle,9.335328,0.41572830004222755,11.454880999999999
100,10,MaxAge,10.154369999999998,0.4384091601917094,11.633003
100,10,Myopic,9.779920999999998,0.4400954636996385,11.603460000000002
100,10,WorstState,222.68163999999996,1.8428786360311415,83.005456
100,10,Random,28.211396999999998,0.7833414703314253,21.537329999999997
