N,M,policy,mean_aoii,std_aoii,mean_delta
20,2,Whittle,0.0,0.0,20.790466666666664
20,2,MaxAge,0.0,0.0,10.4906
20,2,Myopic,0.0,0.0,18.67826666666667
20,2,Random,0.0,0.0,19.740666666666666
50,5,Whittle,0.0,0.0,20.00648
50,5,MaxAge,0.0,0.0,10.925386666666668
50,5,Myopic,0.0,0.0,20.06408
50,5,Random,0.0,0.0,20.20365333333333
