N,M,policy,mean_aoii,std_aoii,mean_delta
20,1,Whittle,4.631733333333333,0.6285820091461591,24.688133333333337
20,1,MaxAge,6.5502,1.235181422571869,24.067799999999995
20,1,Myopic,5.4922,1.0375903751802378,25.143133333333335
20,1,Random,11.781933333333333,1.7108176784476152,38.1642
50,2,Whittle,6.927759999999999,0.23918913687707521,30.927946666666667
50,2,MaxAge,9.36616,0.864748300643988,28.319333333333333
50,2,Myopic,7.083813333333333,0.3152597326367927,32.80093333333333
50,2,Random,20.3116,1.4258497155030065,43.44365333333334
