N,M,policy,mean_aoii,std_aoii,mean_delta
20,2,Whittle,11.995533333333332,1.0867190662212975,11.522533333333334
20,2,MaxAge,14.7276,1.0228484280022472,10.491533333333335
20,2,Myopic,12.528533333333334,0.9723347754531645,11.382333333333333
20,2,Random,27.749066666666664,6.334982200097765,19.740666666666666
50,5,Whittle,12.878906666666666,0.4853023067005652,12.085573333333334
50,5,MaxAge,15.031226666666669,0.5431692336238819,10.926826666666665
50,5,Myopic,12.919626666666668,0.6352288333786144,11.761919999999998
50,5,Random,28.15664,1.643059204613961,20.20365333333333
