N,M,policy,mean_aoii,std_aoii,mean_delta
20,1,Whittle,31.762266666666665,2.619402834404987,30.19666666666667
20,1,MaxAge,38.1164,4.887893419459964,27.476
20,1,Myopic,32.94433333333333,1.6835306260620513,30.09
20,1,Random,64.06413333333332,2.432361279817529,45.69113333333333
50,2,Whittle,39.53173333333333,2.3358675965521263,35.49626666666666
50,2,MaxAge,45.13146666666666,2.7498232168793857,32.00434666666667
50,2,Myopic,38.49498666666668,3.0451960431400096,34.97976
50,2,Random,77.73557333333333,3.792445335499982,50.00474666666667
