N,M,policy,mean_aoii,std_aoii,mean_delta
20,1,Whittle,29.2394,1.0432219450657014,24.099666666666668
20,1,MaxAge,29.919666666666668,4.089491346800429,23.6236
20,1,Myopic,31.15426666666666,1.9908472054769932,25.081999999999997
20,1,Random,53.937266666666666,7.163093715862042,38.1642
50,2,Whittle,36.549973333333334,2.796004651466485,29.23536
50,2,MaxAge,39.21080000000001,1.503555548513813,27.98808
50,2,Myopic,34.763333333333335,1.5722200549400067,30.162773333333334
50,2,Random,69.17125333333334,3.8218754434730373,43.44365333333334
