p_s,N,M,policy,mean_aoii,std_aoii,mean_delta
0.9,50,5,Whittle,6.967813333333335,0.17671824756437066,6.6253866666666665
0.9,50,5,MaxAge,8.220320000000001,0.16869852241992703,6.066373333333334
0.9,50,5,Myopic,7.0061333333333335,0.29292393976745695,6.558746666666667
0.9,50,5,Random,14.590266666666666,0.33231621460423705,10.793733333333336
0.996,50,5,Whittle,6.204933333333333,0.16206463018054146,6.029546666666666
0.996,50,5,MaxAge,7.300853333333333,0.14104321922336016,5.51744
0.996,50,5,Myopic,6.23536,0.20300598611863693,5.950346666666667
0.996,50,5,Random,13.468986666666666,0.3518580097457242,9.803093333333335
