p_s,N,M,policy,mean_aoii,std_aoii,mean_delta
0.9,50,5,Whittle,2.3424,0.19979062106782347,12.510240000000001
0.9,50,5,MaxAge,2.8860533333333334,0.20548261586378105,11.967946666666668
0.9,50,5,Myopic,2.4215466666666665,0.19415699855758192,12.80192
0.9,50,5,Random,7.068853333333332,1.0699146489738747,21.73696
0.996,50,5,Whittle,2.3345599999999997,0.2603741062394644,12.550053333333333
0.996,50,5,MaxAge,2.8954400000000002,0.30360330608652225,12.04136
0.996,50,5,Myopic,2.4215466666666665,0.19415699855758192,12.80192
0.996,50,5,Random,7.068853333333332,1.0699146489738747,21.73696
