p_s,N,M,policy,mean_aoii,std_aoii,mean_delta
0.9,50,5,Whittle,0.0,0.0,11.254266666666666
0.9,50,5,MaxAge,0.0,0.0,6.066773333333333
0.9,50,5,Myopic,0.0,0.0,11.052826666666666
0.9,50,5,Random,0.0,0.0,10.793733333333336
0.996,50,5,Whittle,0.0,0.0,9.732373333333333
0.996,50,5,MaxAge,0.0,0.0,5.51744
0.996,50,5,Myopic,0.0,0.0,10.152053333333333
0.996,50,5,Random,0.0,0.0,9.803093333333335
