p_s,N,M,policy,mean_aoii,std_aoii,mean_delta
0.9,50,5,Whittle,9.72648,1.190694062245489,11.87456
0.9,50,5,MaxAge,10.664293333333335,1.1921972925466473,12.167386666666665
0.9,50,5,Myopic,9.74768,1.0802586416224578,11.718693333333334
0.9,50,5,Random,29.216800000000003,1.7846806103800945,21.73696
0.996,50,5,Whittle,9.8592,0.936507174273997,11.883786666666666
0.996,50,5,MaxAge,10.411493333333334,1.3296413027412912,12.056506666666666
0.996,50,5,Myopic,9.74768,1.0802586416224578,11.718693333333334
0.996,50,5,Random,29.216800000000003,1.7846806103800945,21.73696
